block_number,original_line_number,line_number,command,start_x,start_y,start_z,end_x,end_y,end_z,Ap,Ae,distance,is_cutting,spindle_speed,feed_rate
1,15,15,G01,68.0,0.0,2.0,68.0,0.0,-6,8.0,0,8.0,True,2000,300
2,17,17,G02,68.0,0.0,-6,90,50,-6,0,6.0,54.626,True,2000,300
3,19,19,G02,90,50,-6,85,50,-6,0,6.0,5.0,True,2000,300
4,21,21,G02,85,50,-6,80,50,-6,0,6.0,5.0,True,2000,300
5,23,23,G02,80,50,-6,75,50,-6,0,6.0,5.0,True,2000,300
6,25,25,G02,75,50,-6,70,50,-6,0,6.0,5.0,True,2000,300
7,26,26,G01,70,50,-6,70,50,-12,6,0,6.0,True,2000,300
8,27,27,G02,70,50,-12,90,50,-12,0,6.0,20.0,True,2000,300
9,28,28,G02,90,50,-12,85,50,-12,0,6.0,5.0,True,2000,300
10,29,29,G02,85,50,-12,80,50,-12,0,6.0,5.0,True,2000,300
11,30,30,G02,80,50,-12,75,50,-12,0,6.0,5.0,True,2000,300
12,31,31,G02,75,50,-12,70,50,-12,0,6.0,5.0,True,2000,300
13,32,32,G00,70,50,-12,70,50,25,37,0,37.0,False,2000,300
